"DESCRIPTION","DURATION IN MS","NAME","PARENT SUITE","START TIME","STATUS","STOP TIME","SUB SUITE","SUITE","TEST CLASS","TEST METHOD"
"","49650","TC_23_Sticker_Upsell_Text_Validation","VINNumberCA","2026-10-02","passed","2026-10-02","","streaming Task/global_streaming_specs.spec.js","",""
"","47550","TC_01_VIN_Decode_17_Character_Validation","VINNumberCA_MobileChrome","2026-10-02","passed","2026-10-02","","streaming Task/global_streaming_specs.spec.js","",""
"","15768","TC_01_VIN_Decode_17_Character_Validation","InstantVinReports","2026-10-02","passed","2026-10-02","","streaming Task/global_streaming_specs.spec.js","",""
"","47188","TC_20_Default_Plan_Checking","VINNumberCA","2026-10-02","passed","2026-10-02","","streaming Task/global_streaming_specs.spec.js","",""
"","129","TC_13 Global Exit Intent Preview Verification","VehicleHistoryEU_MobileChrome","2026-10-02","skipped","2026-10-02","","tests/global_case_verification.spec.ts","",""
"","3745","TC_02_VIN_Decode_Classic_Validation","VSR_MobileChrome","2026-10-02","passed","2026-10-02","","streaming Task/global_streaming_specs.spec.js","",""
"","9032","TC_16 Default plan price check verification","VehicleHistoryEU_MobileChrome","2026-10-02","passed","2026-10-02","","tests/global_case_verification.spec.ts","",""
"","129","TC_08_Home_To_Checkout_Price_Coupon_And_Email_Cache_Validation","MotorcycleVINLookup_MobileChrome","2026-10-02","skipped","2026-10-02","","streaming Task/global_streaming_specs.spec.js","",""
"","8990","TC_13 Global Exit Intent Preview Verification","VehicleHistoryEU","2026-10-02","passed","2026-10-02","","tests/global_case_verification.spec.ts","",""
"","4184","TC_06 Coupon banner on other pages","VehicleHistoryEU","2026-10-02","passed","2026-10-02","","tests/global_case_verification.spec.ts","",""
"","137","TC_17 Classic editable specs update only from preview validation","VehicleHistoryEU","2026-10-02","skipped","2026-10-02","","tests/global_case_verification.spec.ts","",""
"","22624","TC_14 EU VIN confirmation flow","VehicleHistoryEU_MobileChrome","2026-10-02","passed","2026-10-02","","tests/global_case_verification.spec.ts","",""
"","49986","TC_22_VHR_Upsell_Text_Validation","VINNumberCA","2026-10-02","passed","2026-10-02","","streaming Task/global_streaming_specs.spec.js","",""
"","47612","TC_15_Classic_Editible_Specs_Update","MotorcycleVINLookup","2026-10-02","failed","2026-10-02","","streaming Task/global_streaming_specs.spec.js","",""
"","7462","TC_23_Sticker_Upsell_Text_Validation","InstantVinReports","2026-10-02","passed","2026-10-02","","streaming Task/global_streaming_specs.spec.js","",""
"","5499","TC_06_Preview_Page_Plan_Selection_Validation","MotorcycleVINLookup_MobileChrome","2026-10-02","passed","2026-10-02","","streaming Task/global_streaming_specs.spec.js","",""
"","39643","TC_17_EU_VIN_Confirmation_No","VSR","2026-10-02","passed","2026-10-02","","streaming Task/global_streaming_specs.spec.js","",""
"","4732","TC_24_Coupon_Banner_Hierarchy_And_Persistence_Validation","MotorcycleVINLookup_MobileChrome","2026-10-02","passed","2026-10-02","","streaming Task/global_streaming_specs.spec.js","",""
"","4709","TC_21_Window_Sticker_Default_Plan","InstantVinReports_MobileChrome","2026-10-02","passed","2026-10-02","","streaming Task/global_streaming_specs.spec.js","",""
"","63076","TC_13_Classic_VIN_YMM_Edit_Validation","VSR_MobileChrome","2026-10-02","passed","2026-10-02","","streaming Task/global_streaming_specs.spec.js","",""
"","108","TC_07_Exit_Intent_Popup_Trigger_Validation","InstantVinReports_MobileChrome","2026-10-02","skipped","2026-10-02","","streaming Task/global_streaming_specs.spec.js","",""
"","5926","TC_06_Preview_Page_Plan_Selection_Validation","InstantVinReports","2026-10-02","passed","2026-10-02","","streaming Task/global_streaming_specs.spec.js","",""
"","37442","TC_17_EU_VIN_Confirmation_No","MotorcycleVINLookup","2026-10-02","passed","2026-10-02","","streaming Task/global_streaming_specs.spec.js","",""
"","25411","TC_04_VHR_Revisit_Banner_Validation","InstantVinReports","2026-10-02","passed","2026-10-02","","streaming Task/global_streaming_specs.spec.js","",""
"","5234","TC_01_VIN_Decode_17_Character_Validation","MotorcycleVINLookup_MobileChrome","2026-10-02","passed","2026-10-02","","streaming Task/global_streaming_specs.spec.js","",""
"","3031","TC_21_Window_Sticker_Default_Plan","MotorcycleVINLookup","2026-10-02","passed","2026-10-02","","streaming Task/global_streaming_specs.spec.js","",""
"","3026","TC_02_VIN_Decode_Classic_Validation","MotorcycleVINLookup","2026-10-02","passed","2026-10-02","","streaming Task/global_streaming_specs.spec.js","",""
"","22696","TC_08_Home_To_Checkout_Price_Coupon_And_Email_Cache_Validation","MotorcycleVINLookup","2026-10-02","passed","2026-10-02","","streaming Task/global_streaming_specs.spec.js","",""
"","11782","TC_24_Coupon_Banner_Hierarchy_And_Persistence_Validation","InstantVinReports","2026-10-02","passed","2026-10-02","","streaming Task/global_streaming_specs.spec.js","",""
"","51401","TC_14_Classic_Manual_Input_Validation","InstantVinReports","2026-10-02","passed","2026-10-02","","streaming Task/global_streaming_specs.spec.js","",""
"","22038","TC_01 VIN decode verify","VehicleHistoryEU_MobileChrome","2026-10-02","passed","2026-10-02","","tests/global_case_verification.spec.ts","",""
"","47118","TC_21_Window_Sticker_Default_Plan","VINNumberCA","2026-10-02","passed","2026-10-02","","streaming Task/global_streaming_specs.spec.js","",""
"","7343","TC_23_Sticker_Upsell_Text_Validation","VSR","2026-10-02","passed","2026-10-02","","streaming Task/global_streaming_specs.spec.js","",""
"","48950","TC_06_Preview_Page_Plan_Selection_Validation","VINNumberCA_MobileChrome","2026-10-02","passed","2026-10-02","","streaming Task/global_streaming_specs.spec.js","",""
"","7569","TC_05_Window_Sticker_Revisit_Banner_Validation","InstantVinReports_MobileChrome","2026-10-02","passed","2026-10-02","","streaming Task/global_streaming_specs.spec.js","",""
"","55470","TC_07_Exit_Intent_Popup_Trigger_Validation","VINNumberCA","2026-10-02","passed","2026-10-02","","streaming Task/global_streaming_specs.spec.js","",""
"","5352","TC_06_Preview_Page_Plan_Selection_Validation","VSR_MobileChrome","2026-10-02","passed","2026-10-02","","streaming Task/global_streaming_specs.spec.js","",""
"","39129","TC_14_Classic_Manual_Input_Validation","MotorcycleVINLookup_MobileChrome","2026-10-02","passed","2026-10-02","","streaming Task/global_streaming_specs.spec.js","",""
"","22438","TC_04_VHR_Revisit_Banner_Validation","VSR","2026-10-02","passed","2026-10-02","","streaming Task/global_streaming_specs.spec.js","",""
"","125","TC_12 Classic editable specs feature validation","VehicleHistoryEU","2026-10-02","skipped","2026-10-02","","tests/global_case_verification.spec.ts","",""
"","160","TC_25_Home_Page_Exit_Intent_Banner_Validation","MotorcycleVINLookup_MobileChrome","2026-10-02","skipped","2026-10-02","","streaming Task/global_streaming_specs.spec.js","",""
"","50786","TC_04_VHR_Revisit_Banner_Validation","VINNumberCA","2026-10-02","passed","2026-10-02","","streaming Task/global_streaming_specs.spec.js","",""
"","50829","TC_14_Classic_Manual_Input_Validation","VSR","2026-10-02","passed","2026-10-02","","streaming Task/global_streaming_specs.spec.js","",""
"","193","TC_25_Home_Page_Exit_Intent_Banner_Validation","InstantVinReports_MobileChrome","2026-10-02","skipped","2026-10-02","","streaming Task/global_streaming_specs.spec.js","",""
"","90536","TC_17_EU_VIN_Confirmation_No","VINNumberCA_MobileChrome","2026-10-02","passed","2026-10-02","","streaming Task/global_streaming_specs.spec.js","",""
"","12620","TC_09 Revisit sticker banner flow","VehicleHistoryEU_MobileChrome","2026-10-02","passed","2026-10-02","","tests/global_case_verification.spec.ts","",""
"","2870","TC_04 Coupon flow validation","VehicleHistoryEU","2026-10-02","passed","2026-10-02","","tests/global_case_verification.spec.ts","",""
"","114","TC_12 Classic editable specs feature validation","VehicleHistoryEU_MobileChrome","2026-10-02","skipped","2026-10-02","","tests/global_case_verification.spec.ts","",""
"","3270","TC_02_VIN_Decode_Classic_Validation","InstantVinReports_MobileChrome","2026-10-02","passed","2026-10-02","","streaming Task/global_streaming_specs.spec.js","",""
"","125","TC_07_Exit_Intent_Popup_Trigger_Validation","MotorcycleVINLookup_MobileChrome","2026-10-02","skipped","2026-10-02","","streaming Task/global_streaming_specs.spec.js","",""
"","50073","TC_23_Sticker_Upsell_Text_Validation","VINNumberCA_MobileChrome","2026-10-02","passed","2026-10-02","","streaming Task/global_streaming_specs.spec.js","",""
"","3691","TC_20_Default_Plan_Checking","VSR_MobileChrome","2026-10-02","passed","2026-10-02","","streaming Task/global_streaming_specs.spec.js","",""
"","114","TC_15 Classic editable specs manual update feature validation","VehicleHistoryEU_MobileChrome","2026-10-02","skipped","2026-10-02","","tests/global_case_verification.spec.ts","",""
"","31647","TC_24_Coupon_Banner_Hierarchy_And_Persistence_Validation","VINNumberCA","2026-10-02","passed","2026-10-02","","streaming Task/global_streaming_specs.spec.js","",""
"","10888","TC_23_Sticker_Upsell_Text_Validation","InstantVinReports_MobileChrome","2026-10-02","passed","2026-10-02","","streaming Task/global_streaming_specs.spec.js","",""
"","47965","TC_02_VIN_Decode_Classic_Validation","VINNumberCA","2026-10-02","passed","2026-10-02","","streaming Task/global_streaming_specs.spec.js","",""
"","3707","TC_25_Home_Page_Exit_Intent_Banner_Validation","VSR","2026-10-02","passed","2026-10-02","","streaming Task/global_streaming_specs.spec.js","",""
"","89467","TC_13_Classic_VIN_YMM_Edit_Validation","VINNumberCA_MobileChrome","2026-10-02","passed","2026-10-02","","streaming Task/global_streaming_specs.spec.js","",""
"","56317","TC_15_Classic_Editible_Specs_Update","InstantVinReports","2026-10-02","passed","2026-10-02","","streaming Task/global_streaming_specs.spec.js","",""
"","56759","TC_13_Classic_VIN_YMM_Edit_Validation","MotorcycleVINLookup","2026-10-02","passed","2026-10-02","","streaming Task/global_streaming_specs.spec.js","",""
"","49081","TC_05_Window_Sticker_Revisit_Banner_Validation","VINNumberCA_MobileChrome","2026-10-02","passed","2026-10-02","","streaming Task/global_streaming_specs.spec.js","",""
"","6620","TC_22_VHR_Upsell_Text_Validation","InstantVinReports","2026-10-02","passed","2026-10-02","","streaming Task/global_streaming_specs.spec.js","",""
"","54867","TC_14_Classic_Manual_Input_Validation","MotorcycleVINLookup","2026-10-02","passed","2026-10-02","","streaming Task/global_streaming_specs.spec.js","",""
"","27521","TC_14 EU VIN confirmation flow","VehicleHistoryEU","2026-10-02","passed","2026-10-02","","tests/global_case_verification.spec.ts","",""
"","1608","TC_03 VIN field validation","VehicleHistoryEU_MobileChrome","2026-10-02","passed","2026-10-02","","tests/global_case_verification.spec.ts","",""
"","4727","TC_05 Low to High Coupon swap validation","VehicleHistoryEU_MobileChrome","2026-10-02","passed","2026-10-02","","tests/global_case_verification.spec.ts","",""
"","9619","TC_22_VHR_Upsell_Text_Validation","VSR","2026-10-02","passed","2026-10-02","","streaming Task/global_streaming_specs.spec.js","",""
"","38155","TC_17_EU_VIN_Confirmation_No","MotorcycleVINLookup_MobileChrome","2026-10-02","passed","2026-10-02","","streaming Task/global_streaming_specs.spec.js","",""
"","5499","TC_24_Coupon_Banner_Hierarchy_And_Persistence_Validation","InstantVinReports_MobileChrome","2026-10-02","passed","2026-10-02","","streaming Task/global_streaming_specs.spec.js","",""
"","107228","TC_15_Classic_Editible_Specs_Update","VINNumberCA_MobileChrome","2026-10-02","passed","2026-10-02","","streaming Task/global_streaming_specs.spec.js","",""
"","150","TC_15 Classic editable specs manual update feature validation","VehicleHistoryEU","2026-10-02","skipped","2026-10-02","","tests/global_case_verification.spec.ts","",""
"","24310","TC_07 License Plate search validation","VehicleHistoryEU_MobileChrome","2026-10-02","passed","2026-10-02","","tests/global_case_verification.spec.ts","",""
"","170","TC_10 Exit intent banner verification","VehicleHistoryEU_MobileChrome","2026-10-02","skipped","2026-10-02","","tests/global_case_verification.spec.ts","",""
"","77929","TC_13_Classic_VIN_YMM_Edit_Validation","VINNumberCA","2026-10-02","passed","2026-10-02","","streaming Task/global_streaming_specs.spec.js","",""
"","3297","TC_20_Default_Plan_Checking","MotorcycleVINLookup","2026-10-02","passed","2026-10-02","","streaming Task/global_streaming_specs.spec.js","",""
"","48074","TC_20_Default_Plan_Checking","VINNumberCA_MobileChrome","2026-10-02","passed","2026-10-02","","streaming Task/global_streaming_specs.spec.js","",""
"","5209","TC_01_VIN_Decode_17_Character_Validation","InstantVinReports_MobileChrome","2026-10-02","passed","2026-10-02","","streaming Task/global_streaming_specs.spec.js","",""
"","2761","TC_20_Default_Plan_Checking","MotorcycleVINLookup_MobileChrome","2026-10-02","passed","2026-10-02","","streaming Task/global_streaming_specs.spec.js","",""
"","4212","TC_02_VIN_Decode_Classic_Validation","MotorcycleVINLookup_MobileChrome","2026-10-02","passed","2026-10-02","","streaming Task/global_streaming_specs.spec.js","",""
"","127","TC_11 Preview to checkout redirection","VehicleHistoryEU_MobileChrome","2026-10-02","skipped","2026-10-02","","tests/global_case_verification.spec.ts","",""
"","5598","TC_06_Preview_Page_Plan_Selection_Validation","VSR","2026-10-02","passed","2026-10-02","","streaming Task/global_streaming_specs.spec.js","",""
"","5158","TC_06_Preview_Page_Plan_Selection_Validation","InstantVinReports_MobileChrome","2026-10-02","passed","2026-10-02","","streaming Task/global_streaming_specs.spec.js","",""
"","51260","TC_05_Window_Sticker_Revisit_Banner_Validation","VINNumberCA","2026-10-02","passed","2026-10-02","","streaming Task/global_streaming_specs.spec.js","",""
"","33214","TC_04_VHR_Revisit_Banner_Validation","MotorcycleVINLookup_MobileChrome","2026-10-02","passed","2026-10-02","","streaming Task/global_streaming_specs.spec.js","",""
"","8065","TC_22_VHR_Upsell_Text_Validation","MotorcycleVINLookup_MobileChrome","2026-10-02","passed","2026-10-02","","streaming Task/global_streaming_specs.spec.js","",""
"","5133","TC_21_Window_Sticker_Default_Plan","VSR","2026-10-02","passed","2026-10-02","","streaming Task/global_streaming_specs.spec.js","",""
"","47772","TC_01_VIN_Decode_17_Character_Validation","VINNumberCA","2026-10-02","passed","2026-10-02","","streaming Task/global_streaming_specs.spec.js","",""
"","89560","TC_15_Classic_Editible_Specs_Update","VINNumberCA","2026-10-02","passed","2026-10-02","","streaming Task/global_streaming_specs.spec.js","",""
"","9197","TC_01 VIN decode verify","VehicleHistoryEU","2026-10-02","passed","2026-10-02","","tests/global_case_verification.spec.ts","",""
"","50608","TC_06_Preview_Page_Plan_Selection_Validation","VINNumberCA","2026-10-02","passed","2026-10-02","","streaming Task/global_streaming_specs.spec.js","",""
"","12245","TC_08 Revisit banner flow","VehicleHistoryEU_MobileChrome","2026-10-02","passed","2026-10-02","","tests/global_case_verification.spec.ts","",""
"","48265","TC_15_Classic_Editible_Specs_Update","VSR","2026-10-02","failed","2026-10-02","","streaming Task/global_streaming_specs.spec.js","",""
"","40460","TC_04_VHR_Revisit_Banner_Validation","VSR_MobileChrome","2026-10-02","passed","2026-10-02","","streaming Task/global_streaming_specs.spec.js","",""
"","64742","TC_13_Classic_VIN_YMM_Edit_Validation","InstantVinReports_MobileChrome","2026-10-02","passed","2026-10-02","","streaming Task/global_streaming_specs.spec.js","",""
"","6321","TC_22_VHR_Upsell_Text_Validation","InstantVinReports_MobileChrome","2026-10-02","passed","2026-10-02","","streaming Task/global_streaming_specs.spec.js","",""
"","127","TC_17 Classic editable specs update only from preview validation","VehicleHistoryEU_MobileChrome","2026-10-02","skipped","2026-10-02","","tests/global_case_verification.spec.ts","",""
"","71273","TC_17_EU_VIN_Confirmation_No","VINNumberCA","2026-10-02","passed","2026-10-02","","streaming Task/global_streaming_specs.spec.js","",""
"","4649","TC_01_VIN_Decode_17_Character_Validation","MotorcycleVINLookup","2026-10-02","passed","2026-10-02","","streaming Task/global_streaming_specs.spec.js","",""
"","28101","TC_04_VHR_Revisit_Banner_Validation","MotorcycleVINLookup","2026-10-02","passed","2026-10-02","","streaming Task/global_streaming_specs.spec.js","",""
"","47462","TC_02_VIN_Decode_Classic_Validation","VINNumberCA_MobileChrome","2026-10-02","passed","2026-10-02","","streaming Task/global_streaming_specs.spec.js","",""
"","49935","TC_22_VHR_Upsell_Text_Validation","VINNumberCA_MobileChrome","2026-10-02","passed","2026-10-02","","streaming Task/global_streaming_specs.spec.js","",""
"","6035","TC_21_Window_Sticker_Default_Plan","VSR_MobileChrome","2026-10-02","passed","2026-10-02","","streaming Task/global_streaming_specs.spec.js","",""
"","18922","TC_11 Preview to checkout redirection","VehicleHistoryEU","2026-10-02","passed","2026-10-02","","tests/global_case_verification.spec.ts","",""
"","11042","TC_24_Coupon_Banner_Hierarchy_And_Persistence_Validation","VSR","2026-10-02","passed","2026-10-02","","streaming Task/global_streaming_specs.spec.js","",""
"","58150","TC_15_Classic_Editible_Specs_Update","InstantVinReports_MobileChrome","2026-10-02","passed","2026-10-02","","streaming Task/global_streaming_specs.spec.js","",""
"","1718","TC_02 Verify error message on invalid search","VehicleHistoryEU_MobileChrome","2026-10-02","passed","2026-10-02","","tests/global_case_verification.spec.ts","",""
"","5124","TC_02_VIN_Decode_Classic_Validation","VSR","2026-10-02","passed","2026-10-02","","streaming Task/global_streaming_specs.spec.js","",""
"","7201","TC_23_Sticker_Upsell_Text_Validation","MotorcycleVINLookup","2026-10-02","passed","2026-10-02","","streaming Task/global_streaming_specs.spec.js","",""
"","3350","TC_20_Default_Plan_Checking","InstantVinReports_MobileChrome","2026-10-02","passed","2026-10-02","","streaming Task/global_streaming_specs.spec.js","",""
"","108","TC_08_Home_To_Checkout_Price_Coupon_And_Email_Cache_Validation","VINNumberCA_MobileChrome","2026-10-02","skipped","2026-10-02","","streaming Task/global_streaming_specs.spec.js","",""
"","154","TC_07_Exit_Intent_Popup_Trigger_Validation","VSR_MobileChrome","2026-10-02","skipped","2026-10-02","","streaming Task/global_streaming_specs.spec.js","",""
"","119","TC_07_Exit_Intent_Popup_Trigger_Validation","VINNumberCA_MobileChrome","2026-10-02","skipped","2026-10-02","","streaming Task/global_streaming_specs.spec.js","",""
"","5479","TC_23_Sticker_Upsell_Text_Validation","MotorcycleVINLookup_MobileChrome","2026-10-02","passed","2026-10-02","","streaming Task/global_streaming_specs.spec.js","",""
"","30397","TC_17_EU_VIN_Confirmation_No","InstantVinReports","2026-10-02","passed","2026-10-02","","streaming Task/global_streaming_specs.spec.js","",""
"","7877","TC_05_Window_Sticker_Revisit_Banner_Validation","VSR","2026-10-02","passed","2026-10-02","","streaming Task/global_streaming_specs.spec.js","",""
"","5707","TC_01_VIN_Decode_17_Character_Validation","VSR","2026-10-02","passed","2026-10-02","","streaming Task/global_streaming_specs.spec.js","",""
"","11323","TC_07_Exit_Intent_Popup_Trigger_Validation","InstantVinReports","2026-10-02","passed","2026-10-02","","streaming Task/global_streaming_specs.spec.js","",""
"","1754","TC_10 Exit intent banner verification","VehicleHistoryEU","2026-10-02","passed","2026-10-02","","tests/global_case_verification.spec.ts","",""
"","19860","TC_25_Home_Page_Exit_Intent_Banner_Validation","InstantVinReports","2026-10-02","passed","2026-10-02","","streaming Task/global_streaming_specs.spec.js","",""
"","3910","TC_20_Default_Plan_Checking","InstantVinReports","2026-10-02","passed","2026-10-02","","streaming Task/global_streaming_specs.spec.js","",""
"","41771","TC_14_Classic_Manual_Input_Validation","InstantVinReports_MobileChrome","2026-10-02","passed","2026-10-02","","streaming Task/global_streaming_specs.spec.js","",""
"","5056","TC_21_Window_Sticker_Default_Plan","InstantVinReports","2026-10-02","passed","2026-10-02","","streaming Task/global_streaming_specs.spec.js","",""
"","24441","TC_07 License Plate search validation","VehicleHistoryEU","2026-10-02","passed","2026-10-02","","tests/global_case_verification.spec.ts","",""
"","11365","TC_07_Exit_Intent_Popup_Trigger_Validation","VSR","2026-10-02","passed","2026-10-02","","streaming Task/global_streaming_specs.spec.js","",""
"","3833","TC_02_VIN_Decode_Classic_Validation","InstantVinReports","2026-10-02","passed","2026-10-02","","streaming Task/global_streaming_specs.spec.js","",""
"","5551","TC_22_VHR_Upsell_Text_Validation","MotorcycleVINLookup","2026-10-02","passed","2026-10-02","","streaming Task/global_streaming_specs.spec.js","",""
"","8251","TC_24_Coupon_Banner_Hierarchy_And_Persistence_Validation","VSR_MobileChrome","2026-10-02","passed","2026-10-02","","streaming Task/global_streaming_specs.spec.js","",""
"","1793","TC_03 VIN field validation","VehicleHistoryEU","2026-10-02","passed","2026-10-02","","tests/global_case_verification.spec.ts","",""
"","11207","TC_07_Exit_Intent_Popup_Trigger_Validation","MotorcycleVINLookup","2026-10-02","passed","2026-10-02","","streaming Task/global_streaming_specs.spec.js","",""
"","12709","TC_08 Revisit banner flow","VehicleHistoryEU","2026-10-02","passed","2026-10-02","","tests/global_case_verification.spec.ts","",""
"","3084","TC_20_Default_Plan_Checking","VSR","2026-10-02","passed","2026-10-02","","streaming Task/global_streaming_specs.spec.js","",""
"","13793","TC_08_Home_To_Checkout_Price_Coupon_And_Email_Cache_Validation","VSR","2026-10-02","passed","2026-10-02","","streaming Task/global_streaming_specs.spec.js","",""
"","2677","TC_21_Window_Sticker_Default_Plan","MotorcycleVINLookup_MobileChrome","2026-10-02","passed","2026-10-02","","streaming Task/global_streaming_specs.spec.js","",""
"","22259","TC_08_Home_To_Checkout_Price_Coupon_And_Email_Cache_Validation","InstantVinReports","2026-10-02","passed","2026-10-02","","streaming Task/global_streaming_specs.spec.js","",""
"","8523","TC_05_Window_Sticker_Revisit_Banner_Validation","InstantVinReports","2026-10-02","passed","2026-10-02","","streaming Task/global_streaming_specs.spec.js","",""
"","3382","TC_06 Coupon banner on other pages","VehicleHistoryEU_MobileChrome","2026-10-02","passed","2026-10-02","","tests/global_case_verification.spec.ts","",""
"","47772","TC_21_Window_Sticker_Default_Plan","VINNumberCA_MobileChrome","2026-10-02","passed","2026-10-02","","streaming Task/global_streaming_specs.spec.js","",""
"","4059","TC_01_VIN_Decode_17_Character_Validation","VSR_MobileChrome","2026-10-02","passed","2026-10-02","","streaming Task/global_streaming_specs.spec.js","",""
"","50783","TC_04_VHR_Revisit_Banner_Validation","VINNumberCA_MobileChrome","2026-10-02","passed","2026-10-02","","streaming Task/global_streaming_specs.spec.js","",""
"","62811","TC_08_Home_To_Checkout_Price_Coupon_And_Email_Cache_Validation","VINNumberCA","2026-10-02","passed","2026-10-02","","streaming Task/global_streaming_specs.spec.js","",""
"","5107","TC_06_Preview_Page_Plan_Selection_Validation","MotorcycleVINLookup","2026-10-02","passed","2026-10-02","","streaming Task/global_streaming_specs.spec.js","",""
"","66742","TC_14_Classic_Manual_Input_Validation","VSR_MobileChrome","2026-10-02","passed","2026-10-02","","streaming Task/global_streaming_specs.spec.js","",""
"","54877","TC_15_Classic_Editible_Specs_Update","VSR_MobileChrome","2026-10-02","passed","2026-10-02","","streaming Task/global_streaming_specs.spec.js","",""
"","1935","TC_02 Verify error message on invalid search","VehicleHistoryEU","2026-10-02","passed","2026-10-02","","tests/global_case_verification.spec.ts","",""
"","72497","TC_14_Classic_Manual_Input_Validation","VINNumberCA_MobileChrome","2026-10-02","passed","2026-10-02","","streaming Task/global_streaming_specs.spec.js","",""
"","4457","TC_24_Coupon_Banner_Hierarchy_And_Persistence_Validation","MotorcycleVINLookup","2026-10-02","passed","2026-10-02","","streaming Task/global_streaming_specs.spec.js","",""
"","32886","TC_24_Coupon_Banner_Hierarchy_And_Persistence_Validation","VINNumberCA_MobileChrome","2026-10-02","passed","2026-10-02","","streaming Task/global_streaming_specs.spec.js","",""
"","123","TC_16 Default plan price check verification","VehicleHistoryEU","2026-10-02","skipped","2026-10-02","","tests/global_case_verification.spec.ts","",""
"","63363","TC_13_Classic_VIN_YMM_Edit_Validation","MotorcycleVINLookup_MobileChrome","2026-10-02","passed","2026-10-02","","streaming Task/global_streaming_specs.spec.js","",""
"","207","TC_25_Home_Page_Exit_Intent_Banner_Validation","VSR_MobileChrome","2026-10-02","skipped","2026-10-02","","streaming Task/global_streaming_specs.spec.js","",""
"","82489","TC_14_Classic_Manual_Input_Validation","VINNumberCA","2026-10-02","passed","2026-10-02","","streaming Task/global_streaming_specs.spec.js","",""
"","3287","TC_25_Home_Page_Exit_Intent_Banner_Validation","MotorcycleVINLookup","2026-10-02","passed","2026-10-02","","streaming Task/global_streaming_specs.spec.js","",""
"","159","TC_08_Home_To_Checkout_Price_Coupon_And_Email_Cache_Validation","VSR_MobileChrome","2026-10-02","skipped","2026-10-02","","streaming Task/global_streaming_specs.spec.js","",""
"","6120","TC_22_VHR_Upsell_Text_Validation","VSR_MobileChrome","2026-10-02","passed","2026-10-02","","streaming Task/global_streaming_specs.spec.js","",""
"","189","TC_25_Home_Page_Exit_Intent_Banner_Validation","VINNumberCA_MobileChrome","2026-10-02","skipped","2026-10-02","","streaming Task/global_streaming_specs.spec.js","",""
"","38807","TC_17_EU_VIN_Confirmation_No","VSR_MobileChrome","2026-10-02","passed","2026-10-02","","streaming Task/global_streaming_specs.spec.js","",""
"","11878","TC_09 Revisit sticker banner flow","VehicleHistoryEU","2026-10-02","passed","2026-10-02","","tests/global_case_verification.spec.ts","",""
"","35296","TC_17_EU_VIN_Confirmation_No","InstantVinReports_MobileChrome","2026-10-02","passed","2026-10-02","","streaming Task/global_streaming_specs.spec.js","",""
"","5983","TC_05_Window_Sticker_Revisit_Banner_Validation","MotorcycleVINLookup","2026-10-02","passed","2026-10-02","","streaming Task/global_streaming_specs.spec.js","",""
"","2456","TC_04 Coupon flow validation","VehicleHistoryEU_MobileChrome","2026-10-02","passed","2026-10-02","","tests/global_case_verification.spec.ts","",""
"","7193","TC_05_Window_Sticker_Revisit_Banner_Validation","MotorcycleVINLookup_MobileChrome","2026-10-02","passed","2026-10-02","","streaming Task/global_streaming_specs.spec.js","",""
"","48331","TC_13_Classic_VIN_YMM_Edit_Validation","VSR","2026-10-02","failed","2026-10-02","","streaming Task/global_streaming_specs.spec.js","",""
"","8334","TC_05_Window_Sticker_Revisit_Banner_Validation","VSR_MobileChrome","2026-10-02","passed","2026-10-02","","streaming Task/global_streaming_specs.spec.js","",""
"","47500","TC_25_Home_Page_Exit_Intent_Banner_Validation","VINNumberCA","2026-10-02","passed","2026-10-02","","streaming Task/global_streaming_specs.spec.js","",""
"","28718","TC_04_VHR_Revisit_Banner_Validation","InstantVinReports_MobileChrome","2026-10-02","passed","2026-10-02","","streaming Task/global_streaming_specs.spec.js","",""
"","9645","TC_23_Sticker_Upsell_Text_Validation","VSR_MobileChrome","2026-10-02","passed","2026-10-02","","streaming Task/global_streaming_specs.spec.js","",""
"","106","TC_08_Home_To_Checkout_Price_Coupon_And_Email_Cache_Validation","InstantVinReports_MobileChrome","2026-10-02","skipped","2026-10-02","","streaming Task/global_streaming_specs.spec.js","",""
"","6205","TC_05 Low to High Coupon swap validation","VehicleHistoryEU","2026-10-02","passed","2026-10-02","","tests/global_case_verification.spec.ts","",""
"","53376","TC_13_Classic_VIN_YMM_Edit_Validation","InstantVinReports","2026-10-02","passed","2026-10-02","","streaming Task/global_streaming_specs.spec.js","",""
"","73709","TC_15_Classic_Editible_Specs_Update","MotorcycleVINLookup_MobileChrome","2026-10-02","passed","2026-10-02","","streaming Task/global_streaming_specs.spec.js","",""
